	run	task	split	label	tn_count	fp_count	fn_count	tp_count
0	../../jiant_outputs/bert-base-uncased-mix_0-edges-ner-ontonotes/run	edges-ner-ontonotes	test	CARDINAL	11495	86	38	967
1	../../jiant_outputs/bert-base-uncased-mix_0-edges-ner-ontonotes/run	edges-ner-ontonotes	test	DATE	10764	35	49	1738
2	../../jiant_outputs/bert-base-uncased-mix_0-edges-ner-ontonotes/run	edges-ner-ontonotes	test	EVENT	12484	17	23	62
3	../../jiant_outputs/bert-base-uncased-mix_0-edges-ner-ontonotes/run	edges-ner-ontonotes	test	FAC	12424	13	70	79
4	../../jiant_outputs/bert-base-uncased-mix_0-edges-ner-ontonotes/run	edges-ner-ontonotes	test	GPE	9980	60	231	2315
5	../../jiant_outputs/bert-base-uncased-mix_0-edges-ner-ontonotes/run	edges-ner-ontonotes	test	LANGUAGE	12560	4	13	9
6	../../jiant_outputs/bert-base-uncased-mix_0-edges-ner-ontonotes/run	edges-ner-ontonotes	test	LAW	12538	4	17	27
7	../../jiant_outputs/bert-base-uncased-mix_0-edges-ner-ontonotes/run	edges-ner-ontonotes	test	LOC	12341	30	45	170
8	../../jiant_outputs/bert-base-uncased-mix_0-edges-ner-ontonotes/run	edges-ner-ontonotes	test	MONEY	12219	12	35	320
9	../../jiant_outputs/bert-base-uncased-mix_0-edges-ner-ontonotes/run	edges-ner-ontonotes	test	NORP	11568	28	30	960
10	../../jiant_outputs/bert-base-uncased-mix_0-edges-ner-ontonotes/run	edges-ner-ontonotes	test	ORDINAL	12370	9	3	204
11	../../jiant_outputs/bert-base-uncased-mix_0-edges-ner-ontonotes/run	edges-ner-ontonotes	test	ORG	10457	127	293	1709
12	../../jiant_outputs/bert-base-uncased-mix_0-edges-ner-ontonotes/run	edges-ner-ontonotes	test	PERCENT	12178	0	0	408
13	../../jiant_outputs/bert-base-uncased-mix_0-edges-ner-ontonotes/run	edges-ner-ontonotes	test	PERSON	10169	283	155	1979
14	../../jiant_outputs/bert-base-uncased-mix_0-edges-ner-ontonotes/run	edges-ner-ontonotes	test	PRODUCT	12489	7	48	42
15	../../jiant_outputs/bert-base-uncased-mix_0-edges-ner-ontonotes/run	edges-ner-ontonotes	test	QUANTITY	12431	2	42	111
16	../../jiant_outputs/bert-base-uncased-mix_0-edges-ner-ontonotes/run	edges-ner-ontonotes	test	TIME	12334	27	16	209
17	../../jiant_outputs/bert-base-uncased-mix_0-edges-ner-ontonotes/run	edges-ner-ontonotes	test	WORK_OF_ART	12392	25	111	58
18	../../jiant_outputs/bert-base-uncased-mix_0-edges-ner-ontonotes/run	edges-ner-ontonotes	test	_macro_avg_	213193	769	1219	11367
19	../../jiant_outputs/bert-base-uncased-mix_0-edges-ner-ontonotes/run	edges-ner-ontonotes	test	_micro_avg_	213193	769	1219	11367
20	../../jiant_outputs/bert-base-uncased-mix_0-edges-ner-ontonotes/run	edges-ner-ontonotes	val	CARDINAL	18427	207	65	1655
21	../../jiant_outputs/bert-base-uncased-mix_0-edges-ner-ontonotes/run	edges-ner-ontonotes	val	DATE	17085	61	76	3132
22	../../jiant_outputs/bert-base-uncased-mix_0-edges-ner-ontonotes/run	edges-ner-ontonotes	val	EVENT	20153	22	82	97
23	../../jiant_outputs/bert-base-uncased-mix_0-edges-ner-ontonotes/run	edges-ner-ontonotes	val	FAC	20187	34	77	56
24	../../jiant_outputs/bert-base-uncased-mix_0-edges-ner-ontonotes/run	edges-ner-ontonotes	val	GPE	16571	134	325	3324
25	../../jiant_outputs/bert-base-uncased-mix_0-edges-ner-ontonotes/run	edges-ner-ontonotes	val	LANGUAGE	20312	7	20	15
26	../../jiant_outputs/bert-base-uncased-mix_0-edges-ner-ontonotes/run	edges-ner-ontonotes	val	LAW	20285	4	12	53
27	../../jiant_outputs/bert-base-uncased-mix_0-edges-ner-ontonotes/run	edges-ner-ontonotes	val	LOC	19987	51	109	207
28	../../jiant_outputs/bert-base-uncased-mix_0-edges-ner-ontonotes/run	edges-ner-ontonotes	val	MONEY	19468	33	178	675
29	../../jiant_outputs/bert-base-uncased-mix_0-edges-ner-ontonotes/run	edges-ner-ontonotes	val	NORP	19021	56	73	1204
30	../../jiant_outputs/bert-base-uncased-mix_0-edges-ner-ontonotes/run	edges-ner-ontonotes	val	ORDINAL	20014	5	8	327
31	../../jiant_outputs/bert-base-uncased-mix_0-edges-ner-ontonotes/run	edges-ner-ontonotes	val	ORG	16300	256	567	3231
32	../../jiant_outputs/bert-base-uncased-mix_0-edges-ner-ontonotes/run	edges-ner-ontonotes	val	PERCENT	19698	0	4	652
33	../../jiant_outputs/bert-base-uncased-mix_0-edges-ner-ontonotes/run	edges-ner-ontonotes	val	PERSON	16663	528	320	2843
34	../../jiant_outputs/bert-base-uncased-mix_0-edges-ner-ontonotes/run	edges-ner-ontonotes	val	PRODUCT	20129	11	175	39
35	../../jiant_outputs/bert-base-uncased-mix_0-edges-ner-ontonotes/run	edges-ner-ontonotes	val	QUANTITY	20159	5	41	149
36	../../jiant_outputs/bert-base-uncased-mix_0-edges-ner-ontonotes/run	edges-ner-ontonotes	val	TIME	19976	17	20	341
37	../../jiant_outputs/bert-base-uncased-mix_0-edges-ner-ontonotes/run	edges-ner-ontonotes	val	WORK_OF_ART	20108	44	148	54
38	../../jiant_outputs/bert-base-uncased-mix_0-edges-ner-ontonotes/run	edges-ner-ontonotes	val	_macro_avg_	344543	1475	2300	18054
39	../../jiant_outputs/bert-base-uncased-mix_0-edges-ner-ontonotes/run	edges-ner-ontonotes	val	_micro_avg_	344543	1475	2300	18054
40	../../jiant_outputs/bert-base-uncased-mix_10-edges-ner-ontonotes/run	edges-ner-ontonotes	test	CARDINAL	11547	34	24	981
41	../../jiant_outputs/bert-base-uncased-mix_10-edges-ner-ontonotes/run	edges-ner-ontonotes	test	DATE	10761	38	12	1775
42	../../jiant_outputs/bert-base-uncased-mix_10-edges-ner-ontonotes/run	edges-ner-ontonotes	test	EVENT	12497	4	19	66
43	../../jiant_outputs/bert-base-uncased-mix_10-edges-ner-ontonotes/run	edges-ner-ontonotes	test	FAC	12421	16	44	105
44	../../jiant_outputs/bert-base-uncased-mix_10-edges-ner-ontonotes/run	edges-ner-ontonotes	test	GPE	9984	56	102	2444
45	../../jiant_outputs/bert-base-uncased-mix_10-edges-ner-ontonotes/run	edges-ner-ontonotes	test	LANGUAGE	12563	1	9	13
46	../../jiant_outputs/bert-base-uncased-mix_10-edges-ner-ontonotes/run	edges-ner-ontonotes	test	LAW	12538	4	11	33
47	../../jiant_outputs/bert-base-uncased-mix_10-edges-ner-ontonotes/run	edges-ner-ontonotes	test	LOC	12338	33	36	179
48	../../jiant_outputs/bert-base-uncased-mix_10-edges-ner-ontonotes/run	edges-ner-ontonotes	test	MONEY	12228	3	3	352
49	../../jiant_outputs/bert-base-uncased-mix_10-edges-ner-ontonotes/run	edges-ner-ontonotes	test	NORP	11566	30	17	973
50	../../jiant_outputs/bert-base-uncased-mix_10-edges-ner-ontonotes/run	edges-ner-ontonotes	test	ORDINAL	12371	8	3	204
51	../../jiant_outputs/bert-base-uncased-mix_10-edges-ner-ontonotes/run	edges-ner-ontonotes	test	ORG	10507	77	106	1896
52	../../jiant_outputs/bert-base-uncased-mix_10-edges-ner-ontonotes/run	edges-ner-ontonotes	test	PERCENT	12178	0	0	408
53	../../jiant_outputs/bert-base-uncased-mix_10-edges-ner-ontonotes/run	edges-ner-ontonotes	test	PERSON	10392	60	49	2085
54	../../jiant_outputs/bert-base-uncased-mix_10-edges-ner-ontonotes/run	edges-ner-ontonotes	test	PRODUCT	12492	4	24	66
55	../../jiant_outputs/bert-base-uncased-mix_10-edges-ner-ontonotes/run	edges-ner-ontonotes	test	QUANTITY	12430	3	26	127
56	../../jiant_outputs/bert-base-uncased-mix_10-edges-ner-ontonotes/run	edges-ner-ontonotes	test	TIME	12340	21	13	212
57	../../jiant_outputs/bert-base-uncased-mix_10-edges-ner-ontonotes/run	edges-ner-ontonotes	test	WORK_OF_ART	12404	13	52	117
58	../../jiant_outputs/bert-base-uncased-mix_10-edges-ner-ontonotes/run	edges-ner-ontonotes	test	_macro_avg_	213557	405	550	12036
59	../../jiant_outputs/bert-base-uncased-mix_10-edges-ner-ontonotes/run	edges-ner-ontonotes	test	_micro_avg_	213557	405	550	12036
60	../../jiant_outputs/bert-base-uncased-mix_10-edges-ner-ontonotes/run	edges-ner-ontonotes	val	CARDINAL	18591	43	31	1689
61	../../jiant_outputs/bert-base-uncased-mix_10-edges-ner-ontonotes/run	edges-ner-ontonotes	val	DATE	17104	42	25	3183
62	../../jiant_outputs/bert-base-uncased-mix_10-edges-ner-ontonotes/run	edges-ner-ontonotes	val	EVENT	20166	9	58	121
63	../../jiant_outputs/bert-base-uncased-mix_10-edges-ner-ontonotes/run	edges-ner-ontonotes	val	FAC	20176	45	40	93
64	../../jiant_outputs/bert-base-uncased-mix_10-edges-ner-ontonotes/run	edges-ner-ontonotes	val	GPE	16605	100	120	3529
65	../../jiant_outputs/bert-base-uncased-mix_10-edges-ner-ontonotes/run	edges-ner-ontonotes	val	LANGUAGE	20313	6	10	25
66	../../jiant_outputs/bert-base-uncased-mix_10-edges-ner-ontonotes/run	edges-ner-ontonotes	val	LAW	20283	6	4	61
67	../../jiant_outputs/bert-base-uncased-mix_10-edges-ner-ontonotes/run	edges-ner-ontonotes	val	LOC	20005	33	64	252
68	../../jiant_outputs/bert-base-uncased-mix_10-edges-ner-ontonotes/run	edges-ner-ontonotes	val	MONEY	19497	4	10	843
69	../../jiant_outputs/bert-base-uncased-mix_10-edges-ner-ontonotes/run	edges-ner-ontonotes	val	NORP	19033	44	40	1237
70	../../jiant_outputs/bert-base-uncased-mix_10-edges-ner-ontonotes/run	edges-ner-ontonotes	val	ORDINAL	20016	3	16	319
71	../../jiant_outputs/bert-base-uncased-mix_10-edges-ner-ontonotes/run	edges-ner-ontonotes	val	ORG	16407	149	250	3548
72	../../jiant_outputs/bert-base-uncased-mix_10-edges-ner-ontonotes/run	edges-ner-ontonotes	val	PERCENT	19698	0	3	653
73	../../jiant_outputs/bert-base-uncased-mix_10-edges-ner-ontonotes/run	edges-ner-ontonotes	val	PERSON	17049	142	55	3108
74	../../jiant_outputs/bert-base-uncased-mix_10-edges-ner-ontonotes/run	edges-ner-ontonotes	val	PRODUCT	20117	23	108	106
75	../../jiant_outputs/bert-base-uncased-mix_10-edges-ner-ontonotes/run	edges-ner-ontonotes	val	QUANTITY	20163	1	35	155
76	../../jiant_outputs/bert-base-uncased-mix_10-edges-ner-ontonotes/run	edges-ner-ontonotes	val	TIME	19972	21	11	350
77	../../jiant_outputs/bert-base-uncased-mix_10-edges-ner-ontonotes/run	edges-ner-ontonotes	val	WORK_OF_ART	20108	44	71	131
78	../../jiant_outputs/bert-base-uncased-mix_10-edges-ner-ontonotes/run	edges-ner-ontonotes	val	_macro_avg_	345303	715	951	19403
79	../../jiant_outputs/bert-base-uncased-mix_10-edges-ner-ontonotes/run	edges-ner-ontonotes	val	_micro_avg_	345303	715	951	19403
80	../../jiant_outputs/bert-base-uncased-mix_11-edges-ner-ontonotes/run	edges-ner-ontonotes	test	CARDINAL	11547	34	23	982
81	../../jiant_outputs/bert-base-uncased-mix_11-edges-ner-ontonotes/run	edges-ner-ontonotes	test	DATE	10762	37	12	1775
82	../../jiant_outputs/bert-base-uncased-mix_11-edges-ner-ontonotes/run	edges-ner-ontonotes	test	EVENT	12497	4	20	65
83	../../jiant_outputs/bert-base-uncased-mix_11-edges-ner-ontonotes/run	edges-ner-ontonotes	test	FAC	12421	16	44	105
84	../../jiant_outputs/bert-base-uncased-mix_11-edges-ner-ontonotes/run	edges-ner-ontonotes	test	GPE	9989	51	104	2442
85	../../jiant_outputs/bert-base-uncased-mix_11-edges-ner-ontonotes/run	edges-ner-ontonotes	test	LANGUAGE	12563	1	9	13
86	../../jiant_outputs/bert-base-uncased-mix_11-edges-ner-ontonotes/run	edges-ner-ontonotes	test	LAW	12538	4	10	34
87	../../jiant_outputs/bert-base-uncased-mix_11-edges-ner-ontonotes/run	edges-ner-ontonotes	test	LOC	12338	33	36	179
88	../../jiant_outputs/bert-base-uncased-mix_11-edges-ner-ontonotes/run	edges-ner-ontonotes	test	MONEY	12228	3	3	352
89	../../jiant_outputs/bert-base-uncased-mix_11-edges-ner-ontonotes/run	edges-ner-ontonotes	test	NORP	11568	28	19	971
90	../../jiant_outputs/bert-base-uncased-mix_11-edges-ner-ontonotes/run	edges-ner-ontonotes	test	ORDINAL	12371	8	3	204
91	../../jiant_outputs/bert-base-uncased-mix_11-edges-ner-ontonotes/run	edges-ner-ontonotes	test	ORG	10494	90	92	1910
92	../../jiant_outputs/bert-base-uncased-mix_11-edges-ner-ontonotes/run	edges-ner-ontonotes	test	PERCENT	12178	0	0	408
93	../../jiant_outputs/bert-base-uncased-mix_11-edges-ner-ontonotes/run	edges-ner-ontonotes	test	PERSON	10402	50	55	2079
94	../../jiant_outputs/bert-base-uncased-mix_11-edges-ner-ontonotes/run	edges-ner-ontonotes	test	PRODUCT	12491	5	23	67
95	../../jiant_outputs/bert-base-uncased-mix_11-edges-ner-ontonotes/run	edges-ner-ontonotes	test	QUANTITY	12430	3	26	127
96	../../jiant_outputs/bert-base-uncased-mix_11-edges-ner-ontonotes/run	edges-ner-ontonotes	test	TIME	12339	22	12	213
97	../../jiant_outputs/bert-base-uncased-mix_11-edges-ner-ontonotes/run	edges-ner-ontonotes	test	WORK_OF_ART	12405	12	53	116
98	../../jiant_outputs/bert-base-uncased-mix_11-edges-ner-ontonotes/run	edges-ner-ontonotes	test	_macro_avg_	213561	401	544	12042
99	../../jiant_outputs/bert-base-uncased-mix_11-edges-ner-ontonotes/run	edges-ner-ontonotes	test	_micro_avg_	213561	401	544	12042
100	../../jiant_outputs/bert-base-uncased-mix_11-edges-ner-ontonotes/run	edges-ner-ontonotes	val	CARDINAL	18590	44	29	1691
101	../../jiant_outputs/bert-base-uncased-mix_11-edges-ner-ontonotes/run	edges-ner-ontonotes	val	DATE	17108	38	25	3183
102	../../jiant_outputs/bert-base-uncased-mix_11-edges-ner-ontonotes/run	edges-ner-ontonotes	val	EVENT	20167	8	58	121
103	../../jiant_outputs/bert-base-uncased-mix_11-edges-ner-ontonotes/run	edges-ner-ontonotes	val	FAC	20174	47	41	92
104	../../jiant_outputs/bert-base-uncased-mix_11-edges-ner-ontonotes/run	edges-ner-ontonotes	val	GPE	16605	100	121	3528
105	../../jiant_outputs/bert-base-uncased-mix_11-edges-ner-ontonotes/run	edges-ner-ontonotes	val	LANGUAGE	20313	6	10	25
106	../../jiant_outputs/bert-base-uncased-mix_11-edges-ner-ontonotes/run	edges-ner-ontonotes	val	LAW	20283	6	4	61
107	../../jiant_outputs/bert-base-uncased-mix_11-edges-ner-ontonotes/run	edges-ner-ontonotes	val	LOC	20008	30	65	251
108	../../jiant_outputs/bert-base-uncased-mix_11-edges-ner-ontonotes/run	edges-ner-ontonotes	val	MONEY	19497	4	9	844
109	../../jiant_outputs/bert-base-uncased-mix_11-edges-ner-ontonotes/run	edges-ner-ontonotes	val	NORP	19034	43	42	1235
110	../../jiant_outputs/bert-base-uncased-mix_11-edges-ner-ontonotes/run	edges-ner-ontonotes	val	ORDINAL	20016	3	12	323
111	../../jiant_outputs/bert-base-uncased-mix_11-edges-ner-ontonotes/run	edges-ner-ontonotes	val	ORG	16388	168	227	3571
112	../../jiant_outputs/bert-base-uncased-mix_11-edges-ner-ontonotes/run	edges-ner-ontonotes	val	PERCENT	19698	0	3	653
113	../../jiant_outputs/bert-base-uncased-mix_11-edges-ner-ontonotes/run	edges-ner-ontonotes	val	PERSON	17070	121	65	3098
114	../../jiant_outputs/bert-base-uncased-mix_11-edges-ner-ontonotes/run	edges-ner-ontonotes	val	PRODUCT	20118	22	106	108
115	../../jiant_outputs/bert-base-uncased-mix_11-edges-ner-ontonotes/run	edges-ner-ontonotes	val	QUANTITY	20164	0	35	155
116	../../jiant_outputs/bert-base-uncased-mix_11-edges-ner-ontonotes/run	edges-ner-ontonotes	val	TIME	19972	21	11	350
117	../../jiant_outputs/bert-base-uncased-mix_11-edges-ner-ontonotes/run	edges-ner-ontonotes	val	WORK_OF_ART	20111	41	73	129
118	../../jiant_outputs/bert-base-uncased-mix_11-edges-ner-ontonotes/run	edges-ner-ontonotes	val	_macro_avg_	345316	702	936	19418
119	../../jiant_outputs/bert-base-uncased-mix_11-edges-ner-ontonotes/run	edges-ner-ontonotes	val	_micro_avg_	345316	702	936	19418
120	../../jiant_outputs/bert-base-uncased-mix_12-edges-ner-ontonotes/run	edges-ner-ontonotes	test	CARDINAL	11545	36	22	983
121	../../jiant_outputs/bert-base-uncased-mix_12-edges-ner-ontonotes/run	edges-ner-ontonotes	test	DATE	10761	38	12	1775
122	../../jiant_outputs/bert-base-uncased-mix_12-edges-ner-ontonotes/run	edges-ner-ontonotes	test	EVENT	12498	3	20	65
123	../../jiant_outputs/bert-base-uncased-mix_12-edges-ner-ontonotes/run	edges-ner-ontonotes	test	FAC	12422	15	44	105
124	../../jiant_outputs/bert-base-uncased-mix_12-edges-ner-ontonotes/run	edges-ner-ontonotes	test	GPE	9989	51	101	2445
125	../../jiant_outputs/bert-base-uncased-mix_12-edges-ner-ontonotes/run	edges-ner-ontonotes	test	LANGUAGE	12563	1	9	13
126	../../jiant_outputs/bert-base-uncased-mix_12-edges-ner-ontonotes/run	edges-ner-ontonotes	test	LAW	12538	4	11	33
127	../../jiant_outputs/bert-base-uncased-mix_12-edges-ner-ontonotes/run	edges-ner-ontonotes	test	LOC	12339	32	36	179
128	../../jiant_outputs/bert-base-uncased-mix_12-edges-ner-ontonotes/run	edges-ner-ontonotes	test	MONEY	12228	3	3	352
129	../../jiant_outputs/bert-base-uncased-mix_12-edges-ner-ontonotes/run	edges-ner-ontonotes	test	NORP	11565	31	19	971
130	../../jiant_outputs/bert-base-uncased-mix_12-edges-ner-ontonotes/run	edges-ner-ontonotes	test	ORDINAL	12371	8	3	204
131	../../jiant_outputs/bert-base-uncased-mix_12-edges-ner-ontonotes/run	edges-ner-ontonotes	test	ORG	10497	87	89	1913
132	../../jiant_outputs/bert-base-uncased-mix_12-edges-ner-ontonotes/run	edges-ner-ontonotes	test	PERCENT	12178	0	0	408
133	../../jiant_outputs/bert-base-uncased-mix_12-edges-ner-ontonotes/run	edges-ner-ontonotes	test	PERSON	10401	51	53	2081
134	../../jiant_outputs/bert-base-uncased-mix_12-edges-ner-ontonotes/run	edges-ner-ontonotes	test	PRODUCT	12491	5	23	67
135	../../jiant_outputs/bert-base-uncased-mix_12-edges-ner-ontonotes/run	edges-ner-ontonotes	test	QUANTITY	12430	3	26	127
136	../../jiant_outputs/bert-base-uncased-mix_12-edges-ner-ontonotes/run	edges-ner-ontonotes	test	TIME	12339	22	12	213
137	../../jiant_outputs/bert-base-uncased-mix_12-edges-ner-ontonotes/run	edges-ner-ontonotes	test	WORK_OF_ART	12408	9	51	118
138	../../jiant_outputs/bert-base-uncased-mix_12-edges-ner-ontonotes/run	edges-ner-ontonotes	test	_macro_avg_	213563	399	534	12052
139	../../jiant_outputs/bert-base-uncased-mix_12-edges-ner-ontonotes/run	edges-ner-ontonotes	test	_micro_avg_	213563	399	534	12052
140	../../jiant_outputs/bert-base-uncased-mix_12-edges-ner-ontonotes/run	edges-ner-ontonotes	val	CARDINAL	18588	46	28	1692
141	../../jiant_outputs/bert-base-uncased-mix_12-edges-ner-ontonotes/run	edges-ner-ontonotes	val	DATE	17108	38	25	3183
142	../../jiant_outputs/bert-base-uncased-mix_12-edges-ner-ontonotes/run	edges-ner-ontonotes	val	EVENT	20168	7	58	121
143	../../jiant_outputs/bert-base-uncased-mix_12-edges-ner-ontonotes/run	edges-ner-ontonotes	val	FAC	20174	47	40	93
144	../../jiant_outputs/bert-base-uncased-mix_12-edges-ner-ontonotes/run	edges-ner-ontonotes	val	GPE	16606	99	117	3532
145	../../jiant_outputs/bert-base-uncased-mix_12-edges-ner-ontonotes/run	edges-ner-ontonotes	val	LANGUAGE	20313	6	10	25
146	../../jiant_outputs/bert-base-uncased-mix_12-edges-ner-ontonotes/run	edges-ner-ontonotes	val	LAW	20283	6	4	61
147	../../jiant_outputs/bert-base-uncased-mix_12-edges-ner-ontonotes/run	edges-ner-ontonotes	val	LOC	20010	28	65	251
148	../../jiant_outputs/bert-base-uncased-mix_12-edges-ner-ontonotes/run	edges-ner-ontonotes	val	MONEY	19496	5	7	846
149	../../jiant_outputs/bert-base-uncased-mix_12-edges-ner-ontonotes/run	edges-ner-ontonotes	val	NORP	19035	42	44	1233
150	../../jiant_outputs/bert-base-uncased-mix_12-edges-ner-ontonotes/run	edges-ner-ontonotes	val	ORDINAL	20016	3	12	323
151	../../jiant_outputs/bert-base-uncased-mix_12-edges-ner-ontonotes/run	edges-ner-ontonotes	val	ORG	16384	172	220	3578
152	../../jiant_outputs/bert-base-uncased-mix_12-edges-ner-ontonotes/run	edges-ner-ontonotes	val	PERCENT	19698	0	3	653
153	../../jiant_outputs/bert-base-uncased-mix_12-edges-ner-ontonotes/run	edges-ner-ontonotes	val	PERSON	17067	124	63	3100
154	../../jiant_outputs/bert-base-uncased-mix_12-edges-ner-ontonotes/run	edges-ner-ontonotes	val	PRODUCT	20118	22	106	108
155	../../jiant_outputs/bert-base-uncased-mix_12-edges-ner-ontonotes/run	edges-ner-ontonotes	val	QUANTITY	20164	0	35	155
156	../../jiant_outputs/bert-base-uncased-mix_12-edges-ner-ontonotes/run	edges-ner-ontonotes	val	TIME	19972	21	11	350
157	../../jiant_outputs/bert-base-uncased-mix_12-edges-ner-ontonotes/run	edges-ner-ontonotes	val	WORK_OF_ART	20111	41	73	129
158	../../jiant_outputs/bert-base-uncased-mix_12-edges-ner-ontonotes/run	edges-ner-ontonotes	val	_macro_avg_	345311	707	921	19433
159	../../jiant_outputs/bert-base-uncased-mix_12-edges-ner-ontonotes/run	edges-ner-ontonotes	val	_micro_avg_	345311	707	921	19433
160	../../jiant_outputs/bert-base-uncased-mix_1-edges-ner-ontonotes/run	edges-ner-ontonotes	test	CARDINAL	11521	60	19	986
161	../../jiant_outputs/bert-base-uncased-mix_1-edges-ner-ontonotes/run	edges-ner-ontonotes	test	DATE	10764	35	37	1750
162	../../jiant_outputs/bert-base-uncased-mix_1-edges-ner-ontonotes/run	edges-ner-ontonotes	test	EVENT	12491	10	28	57
163	../../jiant_outputs/bert-base-uncased-mix_1-edges-ner-ontonotes/run	edges-ner-ontonotes	test	FAC	12418	19	62	87
164	../../jiant_outputs/bert-base-uncased-mix_1-edges-ner-ontonotes/run	edges-ner-ontonotes	test	GPE	9980	60	200	2346
165	../../jiant_outputs/bert-base-uncased-mix_1-edges-ner-ontonotes/run	edges-ner-ontonotes	test	LANGUAGE	12563	1	12	10
166	../../jiant_outputs/bert-base-uncased-mix_1-edges-ner-ontonotes/run	edges-ner-ontonotes	test	LAW	12537	5	14	30
167	../../jiant_outputs/bert-base-uncased-mix_1-edges-ner-ontonotes/run	edges-ner-ontonotes	test	LOC	12344	27	44	171
168	../../jiant_outputs/bert-base-uncased-mix_1-edges-ner-ontonotes/run	edges-ner-ontonotes	test	MONEY	12227	4	5	350
169	../../jiant_outputs/bert-base-uncased-mix_1-edges-ner-ontonotes/run	edges-ner-ontonotes	test	NORP	11562	34	24	966
170	../../jiant_outputs/bert-base-uncased-mix_1-edges-ner-ontonotes/run	edges-ner-ontonotes	test	ORDINAL	12370	9	3	204
171	../../jiant_outputs/bert-base-uncased-mix_1-edges-ner-ontonotes/run	edges-ner-ontonotes	test	ORG	10472	112	257	1745
172	../../jiant_outputs/bert-base-uncased-mix_1-edges-ner-ontonotes/run	edges-ner-ontonotes	test	PERCENT	12178	0	0	408
173	../../jiant_outputs/bert-base-uncased-mix_1-edges-ner-ontonotes/run	edges-ner-ontonotes	test	PERSON	10218	234	92	2042
174	../../jiant_outputs/bert-base-uncased-mix_1-edges-ner-ontonotes/run	edges-ner-ontonotes	test	PRODUCT	12495	1	44	46
175	../../jiant_outputs/bert-base-uncased-mix_1-edges-ner-ontonotes/run	edges-ner-ontonotes	test	QUANTITY	12431	2	34	119
176	../../jiant_outputs/bert-base-uncased-mix_1-edges-ner-ontonotes/run	edges-ner-ontonotes	test	TIME	12333	28	17	208
177	../../jiant_outputs/bert-base-uncased-mix_1-edges-ner-ontonotes/run	edges-ner-ontonotes	test	WORK_OF_ART	12386	31	87	82
178	../../jiant_outputs/bert-base-uncased-mix_1-edges-ner-ontonotes/run	edges-ner-ontonotes	test	_macro_avg_	213290	672	979	11607
179	../../jiant_outputs/bert-base-uncased-mix_1-edges-ner-ontonotes/run	edges-ner-ontonotes	test	_micro_avg_	213290	672	979	11607
180	../../jiant_outputs/bert-base-uncased-mix_1-edges-ner-ontonotes/run	edges-ner-ontonotes	val	CARDINAL	18566	68	32	1688
181	../../jiant_outputs/bert-base-uncased-mix_1-edges-ner-ontonotes/run	edges-ner-ontonotes	val	DATE	17075	71	53	3155
182	../../jiant_outputs/bert-base-uncased-mix_1-edges-ner-ontonotes/run	edges-ner-ontonotes	val	EVENT	20161	14	79	100
183	../../jiant_outputs/bert-base-uncased-mix_1-edges-ner-ontonotes/run	edges-ner-ontonotes	val	FAC	20195	26	66	67
184	../../jiant_outputs/bert-base-uncased-mix_1-edges-ner-ontonotes/run	edges-ner-ontonotes	val	GPE	16563	142	284	3365
185	../../jiant_outputs/bert-base-uncased-mix_1-edges-ner-ontonotes/run	edges-ner-ontonotes	val	LANGUAGE	20313	6	18	17
186	../../jiant_outputs/bert-base-uncased-mix_1-edges-ner-ontonotes/run	edges-ner-ontonotes	val	LAW	20285	4	8	57
187	../../jiant_outputs/bert-base-uncased-mix_1-edges-ner-ontonotes/run	edges-ner-ontonotes	val	LOC	19997	41	91	225
188	../../jiant_outputs/bert-base-uncased-mix_1-edges-ner-ontonotes/run	edges-ner-ontonotes	val	MONEY	19492	9	13	840
189	../../jiant_outputs/bert-base-uncased-mix_1-edges-ner-ontonotes/run	edges-ner-ontonotes	val	NORP	19028	49	70	1207
190	../../jiant_outputs/bert-base-uncased-mix_1-edges-ner-ontonotes/run	edges-ner-ontonotes	val	ORDINAL	20014	5	7	328
191	../../jiant_outputs/bert-base-uncased-mix_1-edges-ner-ontonotes/run	edges-ner-ontonotes	val	ORG	16309	247	490	3308
192	../../jiant_outputs/bert-base-uncased-mix_1-edges-ner-ontonotes/run	edges-ner-ontonotes	val	PERCENT	19698	0	3	653
193	../../jiant_outputs/bert-base-uncased-mix_1-edges-ner-ontonotes/run	edges-ner-ontonotes	val	PERSON	16797	394	167	2996
194	../../jiant_outputs/bert-base-uncased-mix_1-edges-ner-ontonotes/run	edges-ner-ontonotes	val	PRODUCT	20128	12	153	61
195	../../jiant_outputs/bert-base-uncased-mix_1-edges-ner-ontonotes/run	edges-ner-ontonotes	val	QUANTITY	20162	2	37	153
196	../../jiant_outputs/bert-base-uncased-mix_1-edges-ner-ontonotes/run	edges-ner-ontonotes	val	TIME	19967	26	20	341
197	../../jiant_outputs/bert-base-uncased-mix_1-edges-ner-ontonotes/run	edges-ner-ontonotes	val	WORK_OF_ART	20111	41	126	76
198	../../jiant_outputs/bert-base-uncased-mix_1-edges-ner-ontonotes/run	edges-ner-ontonotes	val	_macro_avg_	344861	1157	1717	18637
199	../../jiant_outputs/bert-base-uncased-mix_1-edges-ner-ontonotes/run	edges-ner-ontonotes	val	_micro_avg_	344861	1157	1717	18637
200	../../jiant_outputs/bert-base-uncased-mix_2-edges-ner-ontonotes/run	edges-ner-ontonotes	test	CARDINAL	11529	52	18	987
201	../../jiant_outputs/bert-base-uncased-mix_2-edges-ner-ontonotes/run	edges-ner-ontonotes	test	DATE	10757	42	32	1755
202	../../jiant_outputs/bert-base-uncased-mix_2-edges-ner-ontonotes/run	edges-ner-ontonotes	test	EVENT	12493	8	28	57
203	../../jiant_outputs/bert-base-uncased-mix_2-edges-ner-ontonotes/run	edges-ner-ontonotes	test	FAC	12419	18	56	93
204	../../jiant_outputs/bert-base-uncased-mix_2-edges-ner-ontonotes/run	edges-ner-ontonotes	test	GPE	9980	60	173	2373
205	../../jiant_outputs/bert-base-uncased-mix_2-edges-ner-ontonotes/run	edges-ner-ontonotes	test	LANGUAGE	12561	3	12	10
206	../../jiant_outputs/bert-base-uncased-mix_2-edges-ner-ontonotes/run	edges-ner-ontonotes	test	LAW	12537	5	13	31
207	../../jiant_outputs/bert-base-uncased-mix_2-edges-ner-ontonotes/run	edges-ner-ontonotes	test	LOC	12343	28	41	174
208	../../jiant_outputs/bert-base-uncased-mix_2-edges-ner-ontonotes/run	edges-ner-ontonotes	test	MONEY	12227	4	5	350
209	../../jiant_outputs/bert-base-uncased-mix_2-edges-ner-ontonotes/run	edges-ner-ontonotes	test	NORP	11570	26	28	962
210	../../jiant_outputs/bert-base-uncased-mix_2-edges-ner-ontonotes/run	edges-ner-ontonotes	test	ORDINAL	12370	9	3	204
211	../../jiant_outputs/bert-base-uncased-mix_2-edges-ner-ontonotes/run	edges-ner-ontonotes	test	ORG	10430	154	151	1851
212	../../jiant_outputs/bert-base-uncased-mix_2-edges-ner-ontonotes/run	edges-ner-ontonotes	test	PERCENT	12178	0	0	408
213	../../jiant_outputs/bert-base-uncased-mix_2-edges-ner-ontonotes/run	edges-ner-ontonotes	test	PERSON	10323	129	111	2023
214	../../jiant_outputs/bert-base-uncased-mix_2-edges-ner-ontonotes/run	edges-ner-ontonotes	test	PRODUCT	12495	1	42	48
215	../../jiant_outputs/bert-base-uncased-mix_2-edges-ner-ontonotes/run	edges-ner-ontonotes	test	QUANTITY	12431	2	31	122
216	../../jiant_outputs/bert-base-uncased-mix_2-edges-ner-ontonotes/run	edges-ner-ontonotes	test	TIME	12337	24	15	210
217	../../jiant_outputs/bert-base-uncased-mix_2-edges-ner-ontonotes/run	edges-ner-ontonotes	test	WORK_OF_ART	12398	19	80	89
218	../../jiant_outputs/bert-base-uncased-mix_2-edges-ner-ontonotes/run	edges-ner-ontonotes	test	_macro_avg_	213378	584	839	11747
219	../../jiant_outputs/bert-base-uncased-mix_2-edges-ner-ontonotes/run	edges-ner-ontonotes	test	_micro_avg_	213378	584	839	11747
220	../../jiant_outputs/bert-base-uncased-mix_2-edges-ner-ontonotes/run	edges-ner-ontonotes	val	CARDINAL	18572	62	29	1691
221	../../jiant_outputs/bert-base-uncased-mix_2-edges-ner-ontonotes/run	edges-ner-ontonotes	val	DATE	17095	51	39	3169
222	../../jiant_outputs/bert-base-uncased-mix_2-edges-ner-ontonotes/run	edges-ner-ontonotes	val	EVENT	20162	13	75	104
223	../../jiant_outputs/bert-base-uncased-mix_2-edges-ner-ontonotes/run	edges-ner-ontonotes	val	FAC	20189	32	62	71
224	../../jiant_outputs/bert-base-uncased-mix_2-edges-ner-ontonotes/run	edges-ner-ontonotes	val	GPE	16588	117	241	3408
225	../../jiant_outputs/bert-base-uncased-mix_2-edges-ner-ontonotes/run	edges-ner-ontonotes	val	LANGUAGE	20311	8	13	22
226	../../jiant_outputs/bert-base-uncased-mix_2-edges-ner-ontonotes/run	edges-ner-ontonotes	val	LAW	20282	7	7	58
227	../../jiant_outputs/bert-base-uncased-mix_2-edges-ner-ontonotes/run	edges-ner-ontonotes	val	LOC	20015	23	91	225
228	../../jiant_outputs/bert-base-uncased-mix_2-edges-ner-ontonotes/run	edges-ner-ontonotes	val	MONEY	19492	9	10	843
229	../../jiant_outputs/bert-base-uncased-mix_2-edges-ner-ontonotes/run	edges-ner-ontonotes	val	NORP	19031	46	61	1216
230	../../jiant_outputs/bert-base-uncased-mix_2-edges-ner-ontonotes/run	edges-ner-ontonotes	val	ORDINAL	20014	5	8	327
231	../../jiant_outputs/bert-base-uncased-mix_2-edges-ner-ontonotes/run	edges-ner-ontonotes	val	ORG	16279	277	372	3426
232	../../jiant_outputs/bert-base-uncased-mix_2-edges-ner-ontonotes/run	edges-ner-ontonotes	val	PERCENT	19698	0	3	653
233	../../jiant_outputs/bert-base-uncased-mix_2-edges-ner-ontonotes/run	edges-ner-ontonotes	val	PERSON	16938	253	161	3002
234	../../jiant_outputs/bert-base-uncased-mix_2-edges-ner-ontonotes/run	edges-ner-ontonotes	val	PRODUCT	20126	14	140	74
235	../../jiant_outputs/bert-base-uncased-mix_2-edges-ner-ontonotes/run	edges-ner-ontonotes	val	QUANTITY	20163	1	36	154
236	../../jiant_outputs/bert-base-uncased-mix_2-edges-ner-ontonotes/run	edges-ner-ontonotes	val	TIME	19970	23	15	346
237	../../jiant_outputs/bert-base-uncased-mix_2-edges-ner-ontonotes/run	edges-ner-ontonotes	val	WORK_OF_ART	20116	36	120	82
238	../../jiant_outputs/bert-base-uncased-mix_2-edges-ner-ontonotes/run	edges-ner-ontonotes	val	_macro_avg_	345041	977	1483	18871
239	../../jiant_outputs/bert-base-uncased-mix_2-edges-ner-ontonotes/run	edges-ner-ontonotes	val	_micro_avg_	345041	977	1483	18871
240	../../jiant_outputs/bert-base-uncased-mix_3-edges-ner-ontonotes/run	edges-ner-ontonotes	test	CARDINAL	11534	47	22	983
241	../../jiant_outputs/bert-base-uncased-mix_3-edges-ner-ontonotes/run	edges-ner-ontonotes	test	DATE	10759	40	20	1767
242	../../jiant_outputs/bert-base-uncased-mix_3-edges-ner-ontonotes/run	edges-ner-ontonotes	test	EVENT	12494	7	27	58
243	../../jiant_outputs/bert-base-uncased-mix_3-edges-ner-ontonotes/run	edges-ner-ontonotes	test	FAC	12424	13	56	93
244	../../jiant_outputs/bert-base-uncased-mix_3-edges-ner-ontonotes/run	edges-ner-ontonotes	test	GPE	9980	60	146	2400
245	../../jiant_outputs/bert-base-uncased-mix_3-edges-ner-ontonotes/run	edges-ner-ontonotes	test	LANGUAGE	12561	3	9	13
246	../../jiant_outputs/bert-base-uncased-mix_3-edges-ner-ontonotes/run	edges-ner-ontonotes	test	LAW	12538	4	12	32
247	../../jiant_outputs/bert-base-uncased-mix_3-edges-ner-ontonotes/run	edges-ner-ontonotes	test	LOC	12338	33	39	176
248	../../jiant_outputs/bert-base-uncased-mix_3-edges-ner-ontonotes/run	edges-ner-ontonotes	test	MONEY	12228	3	3	352
249	../../jiant_outputs/bert-base-uncased-mix_3-edges-ner-ontonotes/run	edges-ner-ontonotes	test	NORP	11571	25	20	970
250	../../jiant_outputs/bert-base-uncased-mix_3-edges-ner-ontonotes/run	edges-ner-ontonotes	test	ORDINAL	12370	9	2	205
251	../../jiant_outputs/bert-base-uncased-mix_3-edges-ner-ontonotes/run	edges-ner-ontonotes	test	ORG	10465	119	168	1834
252	../../jiant_outputs/bert-base-uncased-mix_3-edges-ner-ontonotes/run	edges-ner-ontonotes	test	PERCENT	12178	0	0	408
253	../../jiant_outputs/bert-base-uncased-mix_3-edges-ner-ontonotes/run	edges-ner-ontonotes	test	PERSON	10315	137	72	2062
254	../../jiant_outputs/bert-base-uncased-mix_3-edges-ner-ontonotes/run	edges-ner-ontonotes	test	PRODUCT	12494	2	37	53
255	../../jiant_outputs/bert-base-uncased-mix_3-edges-ner-ontonotes/run	edges-ner-ontonotes	test	QUANTITY	12431	2	32	121
256	../../jiant_outputs/bert-base-uncased-mix_3-edges-ner-ontonotes/run	edges-ner-ontonotes	test	TIME	12336	25	15	210
257	../../jiant_outputs/bert-base-uncased-mix_3-edges-ner-ontonotes/run	edges-ner-ontonotes	test	WORK_OF_ART	12401	16	81	88
258	../../jiant_outputs/bert-base-uncased-mix_3-edges-ner-ontonotes/run	edges-ner-ontonotes	test	_macro_avg_	213417	545	761	11825
259	../../jiant_outputs/bert-base-uncased-mix_3-edges-ner-ontonotes/run	edges-ner-ontonotes	test	_micro_avg_	213417	545	761	11825
260	../../jiant_outputs/bert-base-uncased-mix_3-edges-ner-ontonotes/run	edges-ner-ontonotes	val	CARDINAL	18583	51	33	1687
261	../../jiant_outputs/bert-base-uncased-mix_3-edges-ner-ontonotes/run	edges-ner-ontonotes	val	DATE	17099	47	28	3180
262	../../jiant_outputs/bert-base-uncased-mix_3-edges-ner-ontonotes/run	edges-ner-ontonotes	val	EVENT	20167	8	68	111
263	../../jiant_outputs/bert-base-uncased-mix_3-edges-ner-ontonotes/run	edges-ner-ontonotes	val	FAC	20186	35	54	79
264	../../jiant_outputs/bert-base-uncased-mix_3-edges-ner-ontonotes/run	edges-ner-ontonotes	val	GPE	16583	122	199	3450
265	../../jiant_outputs/bert-base-uncased-mix_3-edges-ner-ontonotes/run	edges-ner-ontonotes	val	LANGUAGE	20315	4	12	23
266	../../jiant_outputs/bert-base-uncased-mix_3-edges-ner-ontonotes/run	edges-ner-ontonotes	val	LAW	20281	8	5	60
267	../../jiant_outputs/bert-base-uncased-mix_3-edges-ner-ontonotes/run	edges-ner-ontonotes	val	LOC	20006	32	84	232
268	../../jiant_outputs/bert-base-uncased-mix_3-edges-ner-ontonotes/run	edges-ner-ontonotes	val	MONEY	19492	9	11	842
269	../../jiant_outputs/bert-base-uncased-mix_3-edges-ner-ontonotes/run	edges-ner-ontonotes	val	NORP	19033	44	52	1225
270	../../jiant_outputs/bert-base-uncased-mix_3-edges-ner-ontonotes/run	edges-ner-ontonotes	val	ORDINAL	20015	4	8	327
271	../../jiant_outputs/bert-base-uncased-mix_3-edges-ner-ontonotes/run	edges-ner-ontonotes	val	ORG	16333	223	380	3418
272	../../jiant_outputs/bert-base-uncased-mix_3-edges-ner-ontonotes/run	edges-ner-ontonotes	val	PERCENT	19698	0	2	654
273	../../jiant_outputs/bert-base-uncased-mix_3-edges-ner-ontonotes/run	edges-ner-ontonotes	val	PERSON	16945	246	128	3035
274	../../jiant_outputs/bert-base-uncased-mix_3-edges-ner-ontonotes/run	edges-ner-ontonotes	val	PRODUCT	20126	14	138	76
275	../../jiant_outputs/bert-base-uncased-mix_3-edges-ner-ontonotes/run	edges-ner-ontonotes	val	QUANTITY	20162	2	35	155
276	../../jiant_outputs/bert-base-uncased-mix_3-edges-ner-ontonotes/run	edges-ner-ontonotes	val	TIME	19971	22	14	347
277	../../jiant_outputs/bert-base-uncased-mix_3-edges-ner-ontonotes/run	edges-ner-ontonotes	val	WORK_OF_ART	20114	38	115	87
278	../../jiant_outputs/bert-base-uncased-mix_3-edges-ner-ontonotes/run	edges-ner-ontonotes	val	_macro_avg_	345109	909	1366	18988
279	../../jiant_outputs/bert-base-uncased-mix_3-edges-ner-ontonotes/run	edges-ner-ontonotes	val	_micro_avg_	345109	909	1366	18988
280	../../jiant_outputs/bert-base-uncased-mix_4-edges-ner-ontonotes/run	edges-ner-ontonotes	test	CARDINAL	11538	43	18	987
281	../../jiant_outputs/bert-base-uncased-mix_4-edges-ner-ontonotes/run	edges-ner-ontonotes	test	DATE	10762	37	21	1766
282	../../jiant_outputs/bert-base-uncased-mix_4-edges-ner-ontonotes/run	edges-ner-ontonotes	test	EVENT	12497	4	24	61
283	../../jiant_outputs/bert-base-uncased-mix_4-edges-ner-ontonotes/run	edges-ner-ontonotes	test	FAC	12424	13	55	94
284	../../jiant_outputs/bert-base-uncased-mix_4-edges-ner-ontonotes/run	edges-ner-ontonotes	test	GPE	9979	61	123	2423
285	../../jiant_outputs/bert-base-uncased-mix_4-edges-ner-ontonotes/run	edges-ner-ontonotes	test	LANGUAGE	12562	2	9	13
286	../../jiant_outputs/bert-base-uncased-mix_4-edges-ner-ontonotes/run	edges-ner-ontonotes	test	LAW	12537	5	10	34
287	../../jiant_outputs/bert-base-uncased-mix_4-edges-ner-ontonotes/run	edges-ner-ontonotes	test	LOC	12346	25	37	178
288	../../jiant_outputs/bert-base-uncased-mix_4-edges-ner-ontonotes/run	edges-ner-ontonotes	test	MONEY	12230	1	4	351
289	../../jiant_outputs/bert-base-uncased-mix_4-edges-ner-ontonotes/run	edges-ner-ontonotes	test	NORP	11569	27	22	968
290	../../jiant_outputs/bert-base-uncased-mix_4-edges-ner-ontonotes/run	edges-ner-ontonotes	test	ORDINAL	12371	8	2	205
291	../../jiant_outputs/bert-base-uncased-mix_4-edges-ner-ontonotes/run	edges-ner-ontonotes	test	ORG	10442	142	121	1881
292	../../jiant_outputs/bert-base-uncased-mix_4-edges-ner-ontonotes/run	edges-ner-ontonotes	test	PERCENT	12178	0	0	408
293	../../jiant_outputs/bert-base-uncased-mix_4-edges-ner-ontonotes/run	edges-ner-ontonotes	test	PERSON	10377	75	79	2055
294	../../jiant_outputs/bert-base-uncased-mix_4-edges-ner-ontonotes/run	edges-ner-ontonotes	test	PRODUCT	12492	4	36	54
295	../../jiant_outputs/bert-base-uncased-mix_4-edges-ner-ontonotes/run	edges-ner-ontonotes	test	QUANTITY	12432	1	30	123
296	../../jiant_outputs/bert-base-uncased-mix_4-edges-ner-ontonotes/run	edges-ner-ontonotes	test	TIME	12338	23	13	212
297	../../jiant_outputs/bert-base-uncased-mix_4-edges-ner-ontonotes/run	edges-ner-ontonotes	test	WORK_OF_ART	12403	14	73	96
298	../../jiant_outputs/bert-base-uncased-mix_4-edges-ner-ontonotes/run	edges-ner-ontonotes	test	_macro_avg_	213477	485	677	11909
299	../../jiant_outputs/bert-base-uncased-mix_4-edges-ner-ontonotes/run	edges-ner-ontonotes	test	_micro_avg_	213477	485	677	11909
300	../../jiant_outputs/bert-base-uncased-mix_4-edges-ner-ontonotes/run	edges-ner-ontonotes	val	CARDINAL	18581	53	28	1692
301	../../jiant_outputs/bert-base-uncased-mix_4-edges-ner-ontonotes/run	edges-ner-ontonotes	val	DATE	17108	38	23	3185
302	../../jiant_outputs/bert-base-uncased-mix_4-edges-ner-ontonotes/run	edges-ner-ontonotes	val	EVENT	20163	12	63	116
303	../../jiant_outputs/bert-base-uncased-mix_4-edges-ner-ontonotes/run	edges-ner-ontonotes	val	FAC	20187	34	50	83
304	../../jiant_outputs/bert-base-uncased-mix_4-edges-ner-ontonotes/run	edges-ner-ontonotes	val	GPE	16588	117	161	3488
305	../../jiant_outputs/bert-base-uncased-mix_4-edges-ner-ontonotes/run	edges-ner-ontonotes	val	LANGUAGE	20318	1	9	26
306	../../jiant_outputs/bert-base-uncased-mix_4-edges-ner-ontonotes/run	edges-ner-ontonotes	val	LAW	20281	8	5	60
307	../../jiant_outputs/bert-base-uncased-mix_4-edges-ner-ontonotes/run	edges-ner-ontonotes	val	LOC	20018	20	79	237
308	../../jiant_outputs/bert-base-uncased-mix_4-edges-ner-ontonotes/run	edges-ner-ontonotes	val	MONEY	19495	6	11	842
309	../../jiant_outputs/bert-base-uncased-mix_4-edges-ner-ontonotes/run	edges-ner-ontonotes	val	NORP	19023	54	47	1230
310	../../jiant_outputs/bert-base-uncased-mix_4-edges-ner-ontonotes/run	edges-ner-ontonotes	val	ORDINAL	20015	4	10	325
311	../../jiant_outputs/bert-base-uncased-mix_4-edges-ner-ontonotes/run	edges-ner-ontonotes	val	ORG	16335	221	272	3526
312	../../jiant_outputs/bert-base-uncased-mix_4-edges-ner-ontonotes/run	edges-ner-ontonotes	val	PERCENT	19698	0	3	653
313	../../jiant_outputs/bert-base-uncased-mix_4-edges-ner-ontonotes/run	edges-ner-ontonotes	val	PERSON	17014	177	110	3053
314	../../jiant_outputs/bert-base-uncased-mix_4-edges-ner-ontonotes/run	edges-ner-ontonotes	val	PRODUCT	20125	15	128	86
315	../../jiant_outputs/bert-base-uncased-mix_4-edges-ner-ontonotes/run	edges-ner-ontonotes	val	QUANTITY	20163	1	35	155
316	../../jiant_outputs/bert-base-uncased-mix_4-edges-ner-ontonotes/run	edges-ner-ontonotes	val	TIME	19975	18	13	348
317	../../jiant_outputs/bert-base-uncased-mix_4-edges-ner-ontonotes/run	edges-ner-ontonotes	val	WORK_OF_ART	20112	40	102	100
318	../../jiant_outputs/bert-base-uncased-mix_4-edges-ner-ontonotes/run	edges-ner-ontonotes	val	_macro_avg_	345199	819	1149	19205
319	../../jiant_outputs/bert-base-uncased-mix_4-edges-ner-ontonotes/run	edges-ner-ontonotes	val	_micro_avg_	345199	819	1149	19205
320	../../jiant_outputs/bert-base-uncased-mix_5-edges-ner-ontonotes/run	edges-ner-ontonotes	test	CARDINAL	11538	43	21	984
321	../../jiant_outputs/bert-base-uncased-mix_5-edges-ner-ontonotes/run	edges-ner-ontonotes	test	DATE	10760	39	23	1764
322	../../jiant_outputs/bert-base-uncased-mix_5-edges-ner-ontonotes/run	edges-ner-ontonotes	test	EVENT	12497	4	22	63
323	../../jiant_outputs/bert-base-uncased-mix_5-edges-ner-ontonotes/run	edges-ner-ontonotes	test	FAC	12418	19	48	101
324	../../jiant_outputs/bert-base-uncased-mix_5-edges-ner-ontonotes/run	edges-ner-ontonotes	test	GPE	9988	52	121	2425
325	../../jiant_outputs/bert-base-uncased-mix_5-edges-ner-ontonotes/run	edges-ner-ontonotes	test	LANGUAGE	12562	2	9	13
326	../../jiant_outputs/bert-base-uncased-mix_5-edges-ner-ontonotes/run	edges-ner-ontonotes	test	LAW	12537	5	10	34
327	../../jiant_outputs/bert-base-uncased-mix_5-edges-ner-ontonotes/run	edges-ner-ontonotes	test	LOC	12348	23	39	176
328	../../jiant_outputs/bert-base-uncased-mix_5-edges-ner-ontonotes/run	edges-ner-ontonotes	test	MONEY	12230	1	4	351
329	../../jiant_outputs/bert-base-uncased-mix_5-edges-ner-ontonotes/run	edges-ner-ontonotes	test	NORP	11570	26	23	967
330	../../jiant_outputs/bert-base-uncased-mix_5-edges-ner-ontonotes/run	edges-ner-ontonotes	test	ORDINAL	12371	8	3	204
331	../../jiant_outputs/bert-base-uncased-mix_5-edges-ner-ontonotes/run	edges-ner-ontonotes	test	ORG	10437	147	104	1898
332	../../jiant_outputs/bert-base-uncased-mix_5-edges-ner-ontonotes/run	edges-ner-ontonotes	test	PERCENT	12178	0	0	408
333	../../jiant_outputs/bert-base-uncased-mix_5-edges-ner-ontonotes/run	edges-ner-ontonotes	test	PERSON	10385	67	79	2055
334	../../jiant_outputs/bert-base-uncased-mix_5-edges-ner-ontonotes/run	edges-ner-ontonotes	test	PRODUCT	12492	4	32	58
335	../../jiant_outputs/bert-base-uncased-mix_5-edges-ner-ontonotes/run	edges-ner-ontonotes	test	QUANTITY	12432	1	28	125
336	../../jiant_outputs/bert-base-uncased-mix_5-edges-ner-ontonotes/run	edges-ner-ontonotes	test	TIME	12339	22	13	212
337	../../jiant_outputs/bert-base-uncased-mix_5-edges-ner-ontonotes/run	edges-ner-ontonotes	test	WORK_OF_ART	12402	15	71	98
338	../../jiant_outputs/bert-base-uncased-mix_5-edges-ner-ontonotes/run	edges-ner-ontonotes	test	_macro_avg_	213484	478	650	11936
339	../../jiant_outputs/bert-base-uncased-mix_5-edges-ner-ontonotes/run	edges-ner-ontonotes	test	_micro_avg_	213484	478	650	11936
340	../../jiant_outputs/bert-base-uncased-mix_5-edges-ner-ontonotes/run	edges-ner-ontonotes	val	CARDINAL	18586	48	28	1692
341	../../jiant_outputs/bert-base-uncased-mix_5-edges-ner-ontonotes/run	edges-ner-ontonotes	val	DATE	17106	40	22	3186
342	../../jiant_outputs/bert-base-uncased-mix_5-edges-ner-ontonotes/run	edges-ner-ontonotes	val	EVENT	20170	5	63	116
343	../../jiant_outputs/bert-base-uncased-mix_5-edges-ner-ontonotes/run	edges-ner-ontonotes	val	FAC	20170	51	41	92
344	../../jiant_outputs/bert-base-uncased-mix_5-edges-ner-ontonotes/run	edges-ner-ontonotes	val	GPE	16596	109	155	3494
345	../../jiant_outputs/bert-base-uncased-mix_5-edges-ner-ontonotes/run	edges-ner-ontonotes	val	LANGUAGE	20315	4	9	26
346	../../jiant_outputs/bert-base-uncased-mix_5-edges-ner-ontonotes/run	edges-ner-ontonotes	val	LAW	20281	8	5	60
347	../../jiant_outputs/bert-base-uncased-mix_5-edges-ner-ontonotes/run	edges-ner-ontonotes	val	LOC	20015	23	73	243
348	../../jiant_outputs/bert-base-uncased-mix_5-edges-ner-ontonotes/run	edges-ner-ontonotes	val	MONEY	19498	3	9	844
349	../../jiant_outputs/bert-base-uncased-mix_5-edges-ner-ontonotes/run	edges-ner-ontonotes	val	NORP	19027	50	40	1237
350	../../jiant_outputs/bert-base-uncased-mix_5-edges-ner-ontonotes/run	edges-ner-ontonotes	val	ORDINAL	20015	4	12	323
351	../../jiant_outputs/bert-base-uncased-mix_5-edges-ner-ontonotes/run	edges-ner-ontonotes	val	ORG	16325	231	226	3572
352	../../jiant_outputs/bert-base-uncased-mix_5-edges-ner-ontonotes/run	edges-ner-ontonotes	val	PERCENT	19698	0	2	654
353	../../jiant_outputs/bert-base-uncased-mix_5-edges-ner-ontonotes/run	edges-ner-ontonotes	val	PERSON	17069	122	110	3053
354	../../jiant_outputs/bert-base-uncased-mix_5-edges-ner-ontonotes/run	edges-ner-ontonotes	val	PRODUCT	20125	15	120	94
355	../../jiant_outputs/bert-base-uncased-mix_5-edges-ner-ontonotes/run	edges-ner-ontonotes	val	QUANTITY	20163	1	35	155
356	../../jiant_outputs/bert-base-uncased-mix_5-edges-ner-ontonotes/run	edges-ner-ontonotes	val	TIME	19972	21	13	348
357	../../jiant_outputs/bert-base-uncased-mix_5-edges-ner-ontonotes/run	edges-ner-ontonotes	val	WORK_OF_ART	20114	38	103	99
358	../../jiant_outputs/bert-base-uncased-mix_5-edges-ner-ontonotes/run	edges-ner-ontonotes	val	_macro_avg_	345245	773	1066	19288
359	../../jiant_outputs/bert-base-uncased-mix_5-edges-ner-ontonotes/run	edges-ner-ontonotes	val	_micro_avg_	345245	773	1066	19288
360	../../jiant_outputs/bert-base-uncased-mix_6-edges-ner-ontonotes/run	edges-ner-ontonotes	test	CARDINAL	11543	38	23	982
361	../../jiant_outputs/bert-base-uncased-mix_6-edges-ner-ontonotes/run	edges-ner-ontonotes	test	DATE	10758	41	18	1769
362	../../jiant_outputs/bert-base-uncased-mix_6-edges-ner-ontonotes/run	edges-ner-ontonotes	test	EVENT	12497	4	20	65
363	../../jiant_outputs/bert-base-uncased-mix_6-edges-ner-ontonotes/run	edges-ner-ontonotes	test	FAC	12418	19	47	102
364	../../jiant_outputs/bert-base-uncased-mix_6-edges-ner-ontonotes/run	edges-ner-ontonotes	test	GPE	9985	55	120	2426
365	../../jiant_outputs/bert-base-uncased-mix_6-edges-ner-ontonotes/run	edges-ner-ontonotes	test	LANGUAGE	12563	1	9	13
366	../../jiant_outputs/bert-base-uncased-mix_6-edges-ner-ontonotes/run	edges-ner-ontonotes	test	LAW	12538	4	10	34
367	../../jiant_outputs/bert-base-uncased-mix_6-edges-ner-ontonotes/run	edges-ner-ontonotes	test	LOC	12341	30	39	176
368	../../jiant_outputs/bert-base-uncased-mix_6-edges-ner-ontonotes/run	edges-ner-ontonotes	test	MONEY	12230	1	4	351
369	../../jiant_outputs/bert-base-uncased-mix_6-edges-ner-ontonotes/run	edges-ner-ontonotes	test	NORP	11567	29	22	968
370	../../jiant_outputs/bert-base-uncased-mix_6-edges-ner-ontonotes/run	edges-ner-ontonotes	test	ORDINAL	12371	8	3	204
371	../../jiant_outputs/bert-base-uncased-mix_6-edges-ner-ontonotes/run	edges-ner-ontonotes	test	ORG	10475	109	124	1878
372	../../jiant_outputs/bert-base-uncased-mix_6-edges-ner-ontonotes/run	edges-ner-ontonotes	test	PERCENT	12178	0	0	408
373	../../jiant_outputs/bert-base-uncased-mix_6-edges-ner-ontonotes/run	edges-ner-ontonotes	test	PERSON	10379	73	62	2072
374	../../jiant_outputs/bert-base-uncased-mix_6-edges-ner-ontonotes/run	edges-ner-ontonotes	test	PRODUCT	12490	6	30	60
375	../../jiant_outputs/bert-base-uncased-mix_6-edges-ner-ontonotes/run	edges-ner-ontonotes	test	QUANTITY	12432	1	29	124
376	../../jiant_outputs/bert-base-uncased-mix_6-edges-ner-ontonotes/run	edges-ner-ontonotes	test	TIME	12337	24	14	211
377	../../jiant_outputs/bert-base-uncased-mix_6-edges-ner-ontonotes/run	edges-ner-ontonotes	test	WORK_OF_ART	12404	13	72	97
378	../../jiant_outputs/bert-base-uncased-mix_6-edges-ner-ontonotes/run	edges-ner-ontonotes	test	_macro_avg_	213506	456	646	11940
379	../../jiant_outputs/bert-base-uncased-mix_6-edges-ner-ontonotes/run	edges-ner-ontonotes	test	_micro_avg_	213506	456	646	11940
380	../../jiant_outputs/bert-base-uncased-mix_6-edges-ner-ontonotes/run	edges-ner-ontonotes	val	CARDINAL	18588	46	34	1686
381	../../jiant_outputs/bert-base-uncased-mix_6-edges-ner-ontonotes/run	edges-ner-ontonotes	val	DATE	17104	42	29	3179
382	../../jiant_outputs/bert-base-uncased-mix_6-edges-ner-ontonotes/run	edges-ner-ontonotes	val	EVENT	20166	9	59	120
383	../../jiant_outputs/bert-base-uncased-mix_6-edges-ner-ontonotes/run	edges-ner-ontonotes	val	FAC	20177	44	42	91
384	../../jiant_outputs/bert-base-uncased-mix_6-edges-ner-ontonotes/run	edges-ner-ontonotes	val	GPE	16596	109	163	3486
385	../../jiant_outputs/bert-base-uncased-mix_6-edges-ner-ontonotes/run	edges-ner-ontonotes	val	LANGUAGE	20316	3	9	26
386	../../jiant_outputs/bert-base-uncased-mix_6-edges-ner-ontonotes/run	edges-ner-ontonotes	val	LAW	20281	8	5	60
387	../../jiant_outputs/bert-base-uncased-mix_6-edges-ner-ontonotes/run	edges-ner-ontonotes	val	LOC	20015	23	73	243
388	../../jiant_outputs/bert-base-uncased-mix_6-edges-ner-ontonotes/run	edges-ner-ontonotes	val	MONEY	19495	6	9	844
389	../../jiant_outputs/bert-base-uncased-mix_6-edges-ner-ontonotes/run	edges-ner-ontonotes	val	NORP	19030	47	42	1235
390	../../jiant_outputs/bert-base-uncased-mix_6-edges-ner-ontonotes/run	edges-ner-ontonotes	val	ORDINAL	20016	3	15	320
391	../../jiant_outputs/bert-base-uncased-mix_6-edges-ner-ontonotes/run	edges-ner-ontonotes	val	ORG	16370	186	269	3529
392	../../jiant_outputs/bert-base-uncased-mix_6-edges-ner-ontonotes/run	edges-ner-ontonotes	val	PERCENT	19698	0	3	653
393	../../jiant_outputs/bert-base-uncased-mix_6-edges-ner-ontonotes/run	edges-ner-ontonotes	val	PERSON	17043	148	80	3083
394	../../jiant_outputs/bert-base-uncased-mix_6-edges-ner-ontonotes/run	edges-ner-ontonotes	val	PRODUCT	20125	15	121	93
395	../../jiant_outputs/bert-base-uncased-mix_6-edges-ner-ontonotes/run	edges-ner-ontonotes	val	QUANTITY	20159	5	35	155
396	../../jiant_outputs/bert-base-uncased-mix_6-edges-ner-ontonotes/run	edges-ner-ontonotes	val	TIME	19972	21	14	347
397	../../jiant_outputs/bert-base-uncased-mix_6-edges-ner-ontonotes/run	edges-ner-ontonotes	val	WORK_OF_ART	20109	43	100	102
398	../../jiant_outputs/bert-base-uncased-mix_6-edges-ner-ontonotes/run	edges-ner-ontonotes	val	_macro_avg_	345260	758	1102	19252
399	../../jiant_outputs/bert-base-uncased-mix_6-edges-ner-ontonotes/run	edges-ner-ontonotes	val	_micro_avg_	345260	758	1102	19252
400	../../jiant_outputs/bert-base-uncased-mix_7-edges-ner-ontonotes/run	edges-ner-ontonotes	test	CARDINAL	11543	38	21	984
401	../../jiant_outputs/bert-base-uncased-mix_7-edges-ner-ontonotes/run	edges-ner-ontonotes	test	DATE	10761	38	17	1770
402	../../jiant_outputs/bert-base-uncased-mix_7-edges-ner-ontonotes/run	edges-ner-ontonotes	test	EVENT	12497	4	21	64
403	../../jiant_outputs/bert-base-uncased-mix_7-edges-ner-ontonotes/run	edges-ner-ontonotes	test	FAC	12421	16	45	104
404	../../jiant_outputs/bert-base-uncased-mix_7-edges-ner-ontonotes/run	edges-ner-ontonotes	test	GPE	9990	50	112	2434
405	../../jiant_outputs/bert-base-uncased-mix_7-edges-ner-ontonotes/run	edges-ner-ontonotes	test	LANGUAGE	12563	1	9	13
406	../../jiant_outputs/bert-base-uncased-mix_7-edges-ner-ontonotes/run	edges-ner-ontonotes	test	LAW	12538	4	11	33
407	../../jiant_outputs/bert-base-uncased-mix_7-edges-ner-ontonotes/run	edges-ner-ontonotes	test	LOC	12340	31	36	179
408	../../jiant_outputs/bert-base-uncased-mix_7-edges-ner-ontonotes/run	edges-ner-ontonotes	test	MONEY	12229	2	3	352
409	../../jiant_outputs/bert-base-uncased-mix_7-edges-ner-ontonotes/run	edges-ner-ontonotes	test	NORP	11566	30	21	969
410	../../jiant_outputs/bert-base-uncased-mix_7-edges-ner-ontonotes/run	edges-ner-ontonotes	test	ORDINAL	12371	8	3	204
411	../../jiant_outputs/bert-base-uncased-mix_7-edges-ner-ontonotes/run	edges-ner-ontonotes	test	ORG	10477	107	105	1897
412	../../jiant_outputs/bert-base-uncased-mix_7-edges-ner-ontonotes/run	edges-ner-ontonotes	test	PERCENT	12178	0	0	408
413	../../jiant_outputs/bert-base-uncased-mix_7-edges-ner-ontonotes/run	edges-ner-ontonotes	test	PERSON	10386	66	57	2077
414	../../jiant_outputs/bert-base-uncased-mix_7-edges-ner-ontonotes/run	edges-ner-ontonotes	test	PRODUCT	12490	6	31	59
415	../../jiant_outputs/bert-base-uncased-mix_7-edges-ner-ontonotes/run	edges-ner-ontonotes	test	QUANTITY	12431	2	29	124
416	../../jiant_outputs/bert-base-uncased-mix_7-edges-ner-ontonotes/run	edges-ner-ontonotes	test	TIME	12339	22	13	212
417	../../jiant_outputs/bert-base-uncased-mix_7-edges-ner-ontonotes/run	edges-ner-ontonotes	test	WORK_OF_ART	12404	13	63	106
418	../../jiant_outputs/bert-base-uncased-mix_7-edges-ner-ontonotes/run	edges-ner-ontonotes	test	_macro_avg_	213524	438	597	11989
419	../../jiant_outputs/bert-base-uncased-mix_7-edges-ner-ontonotes/run	edges-ner-ontonotes	test	_micro_avg_	213524	438	597	11989
420	../../jiant_outputs/bert-base-uncased-mix_7-edges-ner-ontonotes/run	edges-ner-ontonotes	val	CARDINAL	18589	45	28	1692
421	../../jiant_outputs/bert-base-uncased-mix_7-edges-ner-ontonotes/run	edges-ner-ontonotes	val	DATE	17109	37	29	3179
422	../../jiant_outputs/bert-base-uncased-mix_7-edges-ner-ontonotes/run	edges-ner-ontonotes	val	EVENT	20165	10	57	122
423	../../jiant_outputs/bert-base-uncased-mix_7-edges-ner-ontonotes/run	edges-ner-ontonotes	val	FAC	20178	43	44	89
424	../../jiant_outputs/bert-base-uncased-mix_7-edges-ner-ontonotes/run	edges-ner-ontonotes	val	GPE	16607	98	141	3508
425	../../jiant_outputs/bert-base-uncased-mix_7-edges-ner-ontonotes/run	edges-ner-ontonotes	val	LANGUAGE	20313	6	9	26
426	../../jiant_outputs/bert-base-uncased-mix_7-edges-ner-ontonotes/run	edges-ner-ontonotes	val	LAW	20281	8	5	60
427	../../jiant_outputs/bert-base-uncased-mix_7-edges-ner-ontonotes/run	edges-ner-ontonotes	val	LOC	20010	28	67	249
428	../../jiant_outputs/bert-base-uncased-mix_7-edges-ner-ontonotes/run	edges-ner-ontonotes	val	MONEY	19496	5	9	844
429	../../jiant_outputs/bert-base-uncased-mix_7-edges-ner-ontonotes/run	edges-ner-ontonotes	val	NORP	19031	46	41	1236
430	../../jiant_outputs/bert-base-uncased-mix_7-edges-ner-ontonotes/run	edges-ner-ontonotes	val	ORDINAL	20016	3	16	319
431	../../jiant_outputs/bert-base-uncased-mix_7-edges-ner-ontonotes/run	edges-ner-ontonotes	val	ORG	16382	174	248	3550
432	../../jiant_outputs/bert-base-uncased-mix_7-edges-ner-ontonotes/run	edges-ner-ontonotes	val	PERCENT	19698	0	3	653
433	../../jiant_outputs/bert-base-uncased-mix_7-edges-ner-ontonotes/run	edges-ner-ontonotes	val	PERSON	17054	137	67	3096
434	../../jiant_outputs/bert-base-uncased-mix_7-edges-ner-ontonotes/run	edges-ner-ontonotes	val	PRODUCT	20122	18	118	96
435	../../jiant_outputs/bert-base-uncased-mix_7-edges-ner-ontonotes/run	edges-ner-ontonotes	val	QUANTITY	20163	1	35	155
436	../../jiant_outputs/bert-base-uncased-mix_7-edges-ner-ontonotes/run	edges-ner-ontonotes	val	TIME	19975	18	12	349
437	../../jiant_outputs/bert-base-uncased-mix_7-edges-ner-ontonotes/run	edges-ner-ontonotes	val	WORK_OF_ART	20107	45	82	120
438	../../jiant_outputs/bert-base-uncased-mix_7-edges-ner-ontonotes/run	edges-ner-ontonotes	val	_macro_avg_	345296	722	1011	19343
439	../../jiant_outputs/bert-base-uncased-mix_7-edges-ner-ontonotes/run	edges-ner-ontonotes	val	_micro_avg_	345296	722	1011	19343
440	../../jiant_outputs/bert-base-uncased-mix_8-edges-ner-ontonotes/run	edges-ner-ontonotes	test	CARDINAL	11546	35	20	985
441	../../jiant_outputs/bert-base-uncased-mix_8-edges-ner-ontonotes/run	edges-ner-ontonotes	test	DATE	10758	41	13	1774
442	../../jiant_outputs/bert-base-uncased-mix_8-edges-ner-ontonotes/run	edges-ner-ontonotes	test	EVENT	12498	3	20	65
443	../../jiant_outputs/bert-base-uncased-mix_8-edges-ner-ontonotes/run	edges-ner-ontonotes	test	FAC	12422	15	45	104
444	../../jiant_outputs/bert-base-uncased-mix_8-edges-ner-ontonotes/run	edges-ner-ontonotes	test	GPE	9989	51	107	2439
445	../../jiant_outputs/bert-base-uncased-mix_8-edges-ner-ontonotes/run	edges-ner-ontonotes	test	LANGUAGE	12563	1	9	13
446	../../jiant_outputs/bert-base-uncased-mix_8-edges-ner-ontonotes/run	edges-ner-ontonotes	test	LAW	12538	4	10	34
447	../../jiant_outputs/bert-base-uncased-mix_8-edges-ner-ontonotes/run	edges-ner-ontonotes	test	LOC	12340	31	38	177
448	../../jiant_outputs/bert-base-uncased-mix_8-edges-ner-ontonotes/run	edges-ner-ontonotes	test	MONEY	12230	1	3	352
449	../../jiant_outputs/bert-base-uncased-mix_8-edges-ner-ontonotes/run	edges-ner-ontonotes	test	NORP	11567	29	20	970
450	../../jiant_outputs/bert-base-uncased-mix_8-edges-ner-ontonotes/run	edges-ner-ontonotes	test	ORDINAL	12371	8	3	204
451	../../jiant_outputs/bert-base-uncased-mix_8-edges-ner-ontonotes/run	edges-ner-ontonotes	test	ORG	10482	102	94	1908
452	../../jiant_outputs/bert-base-uncased-mix_8-edges-ner-ontonotes/run	edges-ner-ontonotes	test	PERCENT	12178	0	0	408
453	../../jiant_outputs/bert-base-uncased-mix_8-edges-ner-ontonotes/run	edges-ner-ontonotes	test	PERSON	10395	57	58	2076
454	../../jiant_outputs/bert-base-uncased-mix_8-edges-ner-ontonotes/run	edges-ner-ontonotes	test	PRODUCT	12490	6	27	63
455	../../jiant_outputs/bert-base-uncased-mix_8-edges-ner-ontonotes/run	edges-ner-ontonotes	test	QUANTITY	12430	3	27	126
456	../../jiant_outputs/bert-base-uncased-mix_8-edges-ner-ontonotes/run	edges-ner-ontonotes	test	TIME	12339	22	12	213
457	../../jiant_outputs/bert-base-uncased-mix_8-edges-ner-ontonotes/run	edges-ner-ontonotes	test	WORK_OF_ART	12408	9	56	113
458	../../jiant_outputs/bert-base-uncased-mix_8-edges-ner-ontonotes/run	edges-ner-ontonotes	test	_macro_avg_	213544	418	562	12024
459	../../jiant_outputs/bert-base-uncased-mix_8-edges-ner-ontonotes/run	edges-ner-ontonotes	test	_micro_avg_	213544	418	562	12024
460	../../jiant_outputs/bert-base-uncased-mix_8-edges-ner-ontonotes/run	edges-ner-ontonotes	val	CARDINAL	18586	48	27	1693
461	../../jiant_outputs/bert-base-uncased-mix_8-edges-ner-ontonotes/run	edges-ner-ontonotes	val	DATE	17109	37	26	3182
462	../../jiant_outputs/bert-base-uncased-mix_8-edges-ner-ontonotes/run	edges-ner-ontonotes	val	EVENT	20166	9	59	120
463	../../jiant_outputs/bert-base-uncased-mix_8-edges-ner-ontonotes/run	edges-ner-ontonotes	val	FAC	20177	44	40	93
464	../../jiant_outputs/bert-base-uncased-mix_8-edges-ner-ontonotes/run	edges-ner-ontonotes	val	GPE	16603	102	127	3522
465	../../jiant_outputs/bert-base-uncased-mix_8-edges-ner-ontonotes/run	edges-ner-ontonotes	val	LANGUAGE	20314	5	9	26
466	../../jiant_outputs/bert-base-uncased-mix_8-edges-ner-ontonotes/run	edges-ner-ontonotes	val	LAW	20282	7	4	61
467	../../jiant_outputs/bert-base-uncased-mix_8-edges-ner-ontonotes/run	edges-ner-ontonotes	val	LOC	20010	28	65	251
468	../../jiant_outputs/bert-base-uncased-mix_8-edges-ner-ontonotes/run	edges-ner-ontonotes	val	MONEY	19496	5	11	842
469	../../jiant_outputs/bert-base-uncased-mix_8-edges-ner-ontonotes/run	edges-ner-ontonotes	val	NORP	19031	46	40	1237
470	../../jiant_outputs/bert-base-uncased-mix_8-edges-ner-ontonotes/run	edges-ner-ontonotes	val	ORDINAL	20016	3	15	320
471	../../jiant_outputs/bert-base-uncased-mix_8-edges-ner-ontonotes/run	edges-ner-ontonotes	val	ORG	16388	168	226	3572
472	../../jiant_outputs/bert-base-uncased-mix_8-edges-ner-ontonotes/run	edges-ner-ontonotes	val	PERCENT	19698	0	3	653
473	../../jiant_outputs/bert-base-uncased-mix_8-edges-ner-ontonotes/run	edges-ner-ontonotes	val	PERSON	17057	134	63	3100
474	../../jiant_outputs/bert-base-uncased-mix_8-edges-ner-ontonotes/run	edges-ner-ontonotes	val	PRODUCT	20118	22	110	104
475	../../jiant_outputs/bert-base-uncased-mix_8-edges-ner-ontonotes/run	edges-ner-ontonotes	val	QUANTITY	20164	0	35	155
476	../../jiant_outputs/bert-base-uncased-mix_8-edges-ner-ontonotes/run	edges-ner-ontonotes	val	TIME	19973	20	9	352
477	../../jiant_outputs/bert-base-uncased-mix_8-edges-ner-ontonotes/run	edges-ner-ontonotes	val	WORK_OF_ART	20106	46	73	129
478	../../jiant_outputs/bert-base-uncased-mix_8-edges-ner-ontonotes/run	edges-ner-ontonotes	val	_macro_avg_	345294	724	942	19412
479	../../jiant_outputs/bert-base-uncased-mix_8-edges-ner-ontonotes/run	edges-ner-ontonotes	val	_micro_avg_	345294	724	942	19412
480	../../jiant_outputs/bert-base-uncased-mix_9-edges-ner-ontonotes/run	edges-ner-ontonotes	test	CARDINAL	11547	34	22	983
481	../../jiant_outputs/bert-base-uncased-mix_9-edges-ner-ontonotes/run	edges-ner-ontonotes	test	DATE	10761	38	13	1774
482	../../jiant_outputs/bert-base-uncased-mix_9-edges-ner-ontonotes/run	edges-ner-ontonotes	test	EVENT	12498	3	21	64
483	../../jiant_outputs/bert-base-uncased-mix_9-edges-ner-ontonotes/run	edges-ner-ontonotes	test	FAC	12420	17	45	104
484	../../jiant_outputs/bert-base-uncased-mix_9-edges-ner-ontonotes/run	edges-ner-ontonotes	test	GPE	9984	56	102	2444
485	../../jiant_outputs/bert-base-uncased-mix_9-edges-ner-ontonotes/run	edges-ner-ontonotes	test	LANGUAGE	12563	1	9	13
486	../../jiant_outputs/bert-base-uncased-mix_9-edges-ner-ontonotes/run	edges-ner-ontonotes	test	LAW	12538	4	11	33
487	../../jiant_outputs/bert-base-uncased-mix_9-edges-ner-ontonotes/run	edges-ner-ontonotes	test	LOC	12340	31	38	177
488	../../jiant_outputs/bert-base-uncased-mix_9-edges-ner-ontonotes/run	edges-ner-ontonotes	test	MONEY	12229	2	3	352
489	../../jiant_outputs/bert-base-uncased-mix_9-edges-ner-ontonotes/run	edges-ner-ontonotes	test	NORP	11568	28	19	971
490	../../jiant_outputs/bert-base-uncased-mix_9-edges-ner-ontonotes/run	edges-ner-ontonotes	test	ORDINAL	12371	8	3	204
491	../../jiant_outputs/bert-base-uncased-mix_9-edges-ner-ontonotes/run	edges-ner-ontonotes	test	ORG	10478	106	84	1918
492	../../jiant_outputs/bert-base-uncased-mix_9-edges-ner-ontonotes/run	edges-ner-ontonotes	test	PERCENT	12178	0	0	408
493	../../jiant_outputs/bert-base-uncased-mix_9-edges-ner-ontonotes/run	edges-ner-ontonotes	test	PERSON	10402	50	61	2073
494	../../jiant_outputs/bert-base-uncased-mix_9-edges-ner-ontonotes/run	edges-ner-ontonotes	test	PRODUCT	12491	5	26	64
495	../../jiant_outputs/bert-base-uncased-mix_9-edges-ner-ontonotes/run	edges-ner-ontonotes	test	QUANTITY	12430	3	27	126
496	../../jiant_outputs/bert-base-uncased-mix_9-edges-ner-ontonotes/run	edges-ner-ontonotes	test	TIME	12339	22	12	213
497	../../jiant_outputs/bert-base-uncased-mix_9-edges-ner-ontonotes/run	edges-ner-ontonotes	test	WORK_OF_ART	12409	8	57	112
498	../../jiant_outputs/bert-base-uncased-mix_9-edges-ner-ontonotes/run	edges-ner-ontonotes	test	_macro_avg_	213546	416	553	12033
499	../../jiant_outputs/bert-base-uncased-mix_9-edges-ner-ontonotes/run	edges-ner-ontonotes	test	_micro_avg_	213546	416	553	12033
500	../../jiant_outputs/bert-base-uncased-mix_9-edges-ner-ontonotes/run	edges-ner-ontonotes	val	CARDINAL	18589	45	27	1693
501	../../jiant_outputs/bert-base-uncased-mix_9-edges-ner-ontonotes/run	edges-ner-ontonotes	val	DATE	17109	37	25	3183
502	../../jiant_outputs/bert-base-uncased-mix_9-edges-ner-ontonotes/run	edges-ner-ontonotes	val	EVENT	20167	8	59	120
503	../../jiant_outputs/bert-base-uncased-mix_9-edges-ner-ontonotes/run	edges-ner-ontonotes	val	FAC	20178	43	40	93
504	../../jiant_outputs/bert-base-uncased-mix_9-edges-ner-ontonotes/run	edges-ner-ontonotes	val	GPE	16606	99	121	3528
505	../../jiant_outputs/bert-base-uncased-mix_9-edges-ner-ontonotes/run	edges-ner-ontonotes	val	LANGUAGE	20313	6	9	26
506	../../jiant_outputs/bert-base-uncased-mix_9-edges-ner-ontonotes/run	edges-ner-ontonotes	val	LAW	20283	6	4	61
507	../../jiant_outputs/bert-base-uncased-mix_9-edges-ner-ontonotes/run	edges-ner-ontonotes	val	LOC	20011	27	66	250
508	../../jiant_outputs/bert-base-uncased-mix_9-edges-ner-ontonotes/run	edges-ner-ontonotes	val	MONEY	19496	5	12	841
509	../../jiant_outputs/bert-base-uncased-mix_9-edges-ner-ontonotes/run	edges-ner-ontonotes	val	NORP	19032	45	40	1237
510	../../jiant_outputs/bert-base-uncased-mix_9-edges-ner-ontonotes/run	edges-ner-ontonotes	val	ORDINAL	20016	3	16	319
511	../../jiant_outputs/bert-base-uncased-mix_9-edges-ner-ontonotes/run	edges-ner-ontonotes	val	ORG	16366	190	206	3592
512	../../jiant_outputs/bert-base-uncased-mix_9-edges-ner-ontonotes/run	edges-ner-ontonotes	val	PERCENT	19698	0	3	653
513	../../jiant_outputs/bert-base-uncased-mix_9-edges-ner-ontonotes/run	edges-ner-ontonotes	val	PERSON	17077	114	71	3092
514	../../jiant_outputs/bert-base-uncased-mix_9-edges-ner-ontonotes/run	edges-ner-ontonotes	val	PRODUCT	20121	19	108	106
515	../../jiant_outputs/bert-base-uncased-mix_9-edges-ner-ontonotes/run	edges-ner-ontonotes	val	QUANTITY	20164	0	35	155
516	../../jiant_outputs/bert-base-uncased-mix_9-edges-ner-ontonotes/run	edges-ner-ontonotes	val	TIME	19974	19	10	351
517	../../jiant_outputs/bert-base-uncased-mix_9-edges-ner-ontonotes/run	edges-ner-ontonotes	val	WORK_OF_ART	20114	38	73	129
518	../../jiant_outputs/bert-base-uncased-mix_9-edges-ner-ontonotes/run	edges-ner-ontonotes	val	_macro_avg_	345314	704	925	19429
519	../../jiant_outputs/bert-base-uncased-mix_9-edges-ner-ontonotes/run	edges-ner-ontonotes	val	_micro_avg_	345314	704	925	19429
